<?xml version="1.0" encoding="UTF-8"?>
<MXFDictionary>

  <Preface>
    <IsRIPPresent type="Boolean" use="optional" globalKey="06 0e 2b 34 01 01 01 0e 04 04 05 03 00 00 00 00"/>
  </Preface>

  <AVCSubDescriptor base="SubDescriptor" type="localSet" key="06 0e 2b 34 02 53 01 01 0d 01 01 01 01 01 6e 00">
    <AVCDecodingDelay             type="UInt8"    use="required"  globalKey="06 0e 2b 34 01 01 01 0e 04 01 06 06 01 0e 00 00"/>
    <AVCConstantBPictureFlag      type="Boolean"  use="optional"  globalKey="06 0e 2b 34 01 01 01 0e 04 01 06 06 01 03 00 00"/>
    <AVCCodedContentKind          type="UInt8"    use="optional"  globalKey="06 0e 2b 34 01 01 01 0e 04 01 06 06 01 04 00 00"/>
    <AVCClosedGOPIndicator        type="Boolean"  use="optional"  globalKey="06 0e 2b 34 01 01 01 0e 04 01 06 06 01 06 00 00"/>
    <AVCIdenticalGOPIndicator     type="Boolean"  use="optional"  globalKey="06 0e 2b 34 01 01 01 0e 04 01 06 06 01 07 00 00"/>
    <AVCMaximumGOPSize            type="UInt16"   use="optional"  globalKey="06 0e 2b 34 01 01 01 0e 04 01 06 06 01 08 00 00"/>
    <AVCMaximumBPictureCount      type="UInt16"   use="optional"  globalKey="06 0e 2b 34 01 01 01 0e 04 01 06 06 01 09 00 00"/>
    <AVCMaximumBitrate            type="UInt32"   use="optional"  globalKey="06 0e 2b 34 01 01 01 0e 04 01 06 06 01 0b 00 00"/>
    <AVCAverageBitrate            type="UInt32"   use="optional"  globalKey="06 0e 2b 34 01 01 01 0e 04 01 06 06 01 14 00 00"/>
    <AVCProfile                   type="UInt8"    use="optional"  globalKey="06 0e 2b 34 01 01 01 0e 04 01 06 06 01 0a 00 00"/>
    <AVCProfileConstraint         type="UInt8"    use="optional"  globalKey="06 0e 2b 34 01 01 01 0e 04 01 06 06 01 0c 00 00"/>
    <AVCLevel                     type="UInt8"    use="optional"  globalKey="06 0e 2b 34 01 01 01 0e 04 01 06 06 01 0d 00 00"/>
    <AVCMaximumRefFrames          type="UInt8"    use="optional"  globalKey="06 0e 2b 34 01 01 01 0e 04 01 06 06 01 0f 00 00"/>
    <AVCSequenceParameterSetFlag  type="UInt8"    use="optional"  globalKey="06 0e 2b 34 01 01 01 0e 04 01 06 06 01 10 00 00"/>
    <AVCPictureParameterSetFlag   type="UInt8"    use="optional"  globalKey="06 0e 2b 34 01 01 01 0e 04 01 06 06 01 11 00 00"/>
  </AVCSubDescriptor>

</MXFDictionary>
